tdg_iter_descent_v6[10000, 1]
time,|TSS|,sol
278.57818508148193,505,0&1828&2173&816&446&558&11&20&499&22&27&28&2771&2986&169&173&175&2762&1414&34&38&39&2887&2781&54&2817&2823&2824&2826&2829&352&353&2590&80&88&148&3126&1890&89&2861&2880&1764&1946&111&112&115&785&1647&1732&3214&3221&350&2881&2893&2900&2902&988&2912&465&139&1290&2936&1879&1154&2960&157&159&426&184&2665&2097&2999&532&3006&3019&3022&3015&191&195&198&2057&204&512&3037&3041&2499&3071&215&219&1002&553&3054&3057&292&221&234&3080&244&3104&2146&3112&679&272&3120&3121&3156&1458&687&1988&1498&806&1266&1728&1729&1730&307&1935&315&2466&2111&337&3242&341&2190&2612&4888&7279&579&1231&822&824&815&2148&730&369&373&3288&2641&3318&401&404&408&3333&3356&411&3366&420&1945&3398&3402&434&2171&1459&1359&1426&3420&3417&3419&854&3434&3436&488&507&1869&3479&1437&588&3536&543&1404&2623&2222&1540&569&5726&6321&688&580&3579&3581&607&2437&3596&634&3655&655&3623&2649&3636&666&858&3648&672&1152&3673&3668&2284&694&1974&1218&1942&698&956&3713&3718&2492&3732&3740&3744&3758&3761&4798&2625&3771&1480&2725&1673&1674&1016&826&876&1618&1021&2380&3836&850&7187&3847&3851&3857&1392&3868&887&889&1713&903&3889&905&909&3927&3906&932&1791&3961&948&3936&964&3954&983&3966&4740&6216&3969&3980&1989&1659&1024&1228&1282&1116&1119&1122&1157&1604&4103&1194&4105&1207&1219&4132&2315&1920&1990&4151&4194&1246&1247&4161&4183&2081&4216&1697&2613&1268&1631&1273&1281&1303&4251&4228&1311&1981&4894&5816&1330&4268&4266&1348&2686&4293&4294&1384&2103&4322&4330&4334&4338&2452&1427&1432&4344&2002&4352&4360&4375&1449&4376&4398&4400&1496&1513&1527&5764&1537&5561&5609&1581&1547&4471&4479&1617&2352&4525&1627&1884&1656&4835&2675&4611&4630&4639&1985&4670&4690&1864&4698&6061&4744&4745&1927&4748&4749&1970&1992&4812&4805&4836&4844&2092&2115&4887&4901&2149&2158&4961&4935&4937&4949&4942&4951&4986&4971&2711&4982&2302&5032&2336&2343&5056&2360&2574&5064&2408&2415&5077&2429&5100&5105&5114&2487&5326&2534&2537&2540&5157&2552&2558&2577&5195&5227&5246&5249&5260&2654&2667&2704&2728&6479&5399&5409&5429&5430&5478&5482&5462&6892&5501&5522&5542&5565&5604&6714&5615&5637&5671&5683&5704&5765&5784&5799&5812&5844&5877&5872&5885&5974&6039&5915&6836&7354&6046&6076&6074&6073&6101&6115&6163&6221&6243&6262&6331&6344&6365&6411&6446&6448&6468&6494&6574&6531&6556&7562&7886&6606&6700&6693&6861&8675&6844&6889&6954&6962&7941&7942&6997&7020&7017&7035&7117&7125&7154&7193&7197&7220&7349&7378&7420&7503&7537&7543&7623&7724&7765&7790&7818&7838&7849&8010&8066&8087&8246&8294&8327&8534&8711
281.359028339386,483,0&327&2173&446&558&11&499&27&28&2771&2986&169&173&175&1538&34&39&2887&2781&54&2817&2823&2824&2826&2829&352&353&2590&80&148&417&1149&3126&1890&89&2861&2880&2722&112&115&785&1732&3214&3221&350&1731&2881&128&2893&2900&988&465&139&1290&147&452&1154&157&159&426&1205&180&184&2665&2097&3006&3019&3022&191&198&2057&1807&200&204&512&3037&3041&2499&3071&215&1002&553&292&221&230&3080&244&247&3104&2146&3112&3120&3121&3156&1458&5041&284&687&1988&3163&1498&806&1266&1728&1729&1730&307&1935&315&2713&2111&337&3242&341&344&4888&579&1231&822&824&815&766&730&3275&369&373&3307&3295&3288&390&401&3332&3356&411&1181&420&1945&3396&3398&3402&3386&443&1359&2423&3417&3419&854&3434&3436&488&507&1869&880&3475&529&1437&3533&3536&543&1404&2623&2222&1540&5726&6321&688&2638&3579&3581&594&1792&607&2437&3596&634&1111&1858&3655&3658&655&3623&1672&2649&3645&666&858&3648&3649&672&1152&3673&694&1218&1942&1583&956&3713&951&3732&3740&3744&3758&4798&2625&3771&790&876&1618&2380&3851&3857&1392&887&889&3889&909&3914&3927&3906&948&3936&3945&983&4740&3969&1659&1024&1027&1228&1282&4053&1116&1119&1157&4154&4103&1194&4105&1219&4132&4135&1990&4151&4194&1246&1247&4161&4183&2081&1697&2613&1268&1631&1273&1281&1303&4228&1304&1311&1981&4894&5816&1330&4268&4266&1705&2686&4283&1370&4314&2485&4293&4294&1384&4298&2019&4322&4325&4330&4338&2452&1427&1432&2002&4352&4360&4362&4375&1449&4398&1513&1527&5764&1537&5561&1581&1547&4471&4479&2352&1627&1644&1884&1656&4566&4621&1701&4611&4630&4635&4639&1985&4690&1864&4745&1927&4757&1970&1992&4785&4805&4823&2085&4844&4850&2092&2115&4898&4901&2149&2158&4961&4937&2184&4949&4986&2217&4982&5012&2301&2302&2321&2336&2343&2349&2360&2570&2574&2389&2415&5077&2429&5100&5105&5111&5114&5126&2487&2516&5326&2510&5780&5147&2534&2552&2553&5159&2558&5174&5180&2577&2598&5227&5249&5260&2642&2650&2654&2667&2704&6479&5391&5399&5409&5425&5478&5479&5483&6892&5501&5565&5604&6714&5631&5637&5671&5680&5683&5704&5765&5784&5793&5812&5825&5851&5868&5877&5872&5885&5974&6039&6836&7354&6076&6074&6101&6221&6223&6231&6262&6331&6344&6361&6365&6414&6446&6468&6480&6490&6485&6499&6574&6524&6531&6556&7562&7886&6606&7830&6690&6700&6693&7578&6739&6861&6845&6889&6914&6940&6962&6964&7941&6997&7001&7014&7020&7154&7193&7203&7220&7262&7298&7378&7487&7499&8353&7503&7521&7537&7541&7543&7658&7757&7765&7838&8066&8087&8330&8349&8350&8516&8593&8697
287.0686295032501,477,0&2173&558&499&27&28&2771&2986&169&173&175&1538&2768&34&2887&2781&43&44&2817&72&2823&2826&2829&353&1648&2590&80&88&148&417&1635&1890&89&2861&295&2880&1946&2722&111&112&115&785&1647&1732&3214&3221&350&1731&2881&124&2893&2900&2902&988&465&139&1290&1154&157&159&426&1205&916&1388&636&2665&2999&532&3006&3019&195&2057&200&204&512&3037&3041&2499&3071&215&219&1002&553&292&221&234&3080&244&247&3104&2146&3112&272&3120&3121&3139&3156&1458&284&687&1988&1498&806&1266&1729&1730&307&1935&315&2713&2111&337&3242&341&2190&1389&2612&4888&7279&579&1231&822&824&815&730&3275&369&373&3307&3288&390&401&408&3349&3356&411&1181&3366&420&1945&3396&3398&3402&438&2171&1359&2204&1426&2423&1628&3417&3419&854&3434&488&507&1869&880&1886&529&1437&588&1383&3536&543&1404&559&1357&2623&2222&1540&569&5726&6321&688&2638&3579&3581&2437&3596&634&3655&655&3623&1672&3636&3645&3648&672&1152&3668&686&694&1974&1218&1942&698&3729&3713&2492&3732&3740&3741&3744&3758&4285&4798&774&2625&3771&790&1480&2725&1674&3808&5138&876&1618&2380&850&3857&1392&3868&887&889&1713&903&3889&3882&909&3890&3927&3906&1791&948&3936&983&3966&4740&3969&3980&1659&1024&1228&1282&1116&4043&1146&1157&4092&1194&4105&1207&1219&4132&2315&1920&1990&4151&1246&1247&1580&4183&4216&1697&2613&1268&1273&1281&4215&1303&4251&4228&1304&1311&1981&4894&5816&1330&1348&2686&4283&2485&4293&4294&1384&4319&4298&4322&4325&4330&4338&1427&1432&2002&4352&1436&1441&4360&4375&4518&4398&1513&1527&5764&5561&1581&1547&4513&4471&4479&1617&2352&1627&1884&4532&1656&4835&4621&1701&4597&4630&4635&4639&2729&1985&4690&1864&4698&6061&4745&1927&4749&1970&1992&2004&4805&2093&2092&4872&2115&4896&2149&2158&4961&4937&4949&4951&4986&4971&2217&2219&4982&2274&2278&2283&2302&2321&2336&2343&2360&2574&2394&2408&2415&5077&2429&5105&5126&2474&2510&5147&2534&5167&5157&2552&2558&5174&2577&5191&5227&5246&5257&5260&2642&2667&2704&5399&5430&6908&5482&6892&5501&5565&5637&5671&5685&5683&5699&5704&5728&5765&5784&5812&5859&5872&5885&5974&5929&6836&7354&6017&6027&6046&6076&6074&6101&6115&6144&6163&6221&6262&6331&6344&6361&6365&7374&6448&6468&6490&6574&6531&6556&6578&6657&6684&6697&6700&6693&7578&6739&6844&6847&6889&6954&6962&7941&6997&7014&7020&7117&7125&7154&7193&7220&7262&7274&7378&7421&7467&7503&7509&7514&7533&7543&7623&7616&7658&7665&7757&7765&7814&7832&8066&8118&8534&8709
288.9507598876953,494,0&327&1828&2173&446&558&499&26&27&28&2771&2986&173&175&2762&1414&1538&2768&34&39&2887&2781&43&44&48&2789&2791&54&2817&72&2823&2826&2829&352&353&355&2590&80&88&148&417&3126&3128&1890&870&1564&89&2861&2880&2722&2723&111&112&115&119&785&1647&1732&3214&3221&350&1731&2881&2893&2900&988&465&139&1290&2936&1154&159&426&803&1205&915&921&1388&2662&2665&2097&532&3006&1899&3019&3022&191&195&198&2057&1807&200&204&512&3037&3041&2499&3071&215&219&1002&553&292&234&3080&244&248&3104&256&2146&3112&272&3120&3121&3156&1458&284&687&1988&1498&806&1266&1729&307&1935&315&2713&2111&337&3242&341&2190&2681&4888&579&1231&824&815&730&369&373&3288&390&401&3349&3356&1181&420&1945&3398&3402&2171&1359&1426&2423&3417&3419&477&854&3434&3436&488&1877&1878&3443&1869&1886&1437&588&3536&543&1404&3521&559&2623&2222&1540&569&6321&688&3579&3581&3574&607&3596&634&1111&3655&3656&655&3623&1672&3636&672&1152&3674&694&1974&1218&1942&1583&698&956&3713&3718&2492&951&3732&3740&3744&3758&3761&4285&4798&2625&3771&790&1480&2725&1674&1016&836&876&1618&2380&850&3851&3857&3859&1392&3868&887&889&903&3889&905&3927&3906&1791&3962&3932&948&983&3966&4740&6216&3969&3980&1989&1659&1024&1027&1228&1282&1116&1119&1157&4092&6471&1604&1194&4105&1219&4132&2315&1920&1990&4151&4194&1246&1247&4183&2081&4216&1697&2613&1268&1281&1303&4251&4228&1304&1981&4894&5816&1330&1338&2086&1348&2686&4293&4294&1384&4325&4330&4338&2452&1427&1432&2002&4352&1436&1441&4360&4362&1449&4376&4398&1513&1527&5764&1537&5561&5609&4454&1581&1547&4471&4479&1617&4495&4525&1627&1641&1644&1884&4532&4543&1656&1701&4630&4639&1985&4690&1864&4698&4744&4745&1927&1970&1992&2266&4805&4823&2085&4850&2115&4887&4896&4898&4901&2149&4961&4949&4951&4986&2217&4982&2302&2321&5032&2336&2360&2574&5069&2408&2415&5077&5084&5078&5100&5105&5114&5126&2487&2510&5147&5152&2534&2539&5157&2552&2558&5174&2577&5227&5237&5246&5249&5260&2642&2654&2658&2667&5325&5355&6479&5399&5403&5409&5430&5483&6892&5501&5510&5576&5604&5610&5631&5661&5685&5683&5704&5706&5765&5784&5812&5825&5877&5872&5885&5974&6039&5911&5915&6836&5975&7354&6076&6074&6101&6141&6163&6221&6223&6309&6331&6344&6348&6361&6365&6446&6448&6468&6472&6490&6499&6574&6531&6556&8113&6589&7886&6700&6693&7578&6739&6861&6775&6844&6845&6878&6889&6954&6962&6964&7942&7014&7020&7150&7154&7193&7220&7262&7378&7503&7514&7594&7623&7639&7658&7723&7757&7765&7818&7838&7849&8066&8092&8246&8330&8343&8418&8514
281.4728720188141,486,0&1828&2173&558&22&27&28&2771&2986&7255&169&173&175&176&1414&1538&2768&565&34&2887&2781&43&44&2789&54&2817&2823&2824&2826&2829&352&353&80&148&417&3126&1890&288&870&89&2861&2880&2722&111&112&115&785&1647&1732&3214&350&1731&2881&122&2893&2900&988&2908&2912&465&139&1290&2936&1154&159&426&1205&915&2990&178&184&2665&2997&2097&2999&532&3006&3019&191&195&198&2057&1807&200&204&512&3037&3041&2499&3071&215&219&1002&553&292&221&233&234&3080&244&6010&3104&2146&3112&679&3120&3121&3123&3156&1458&687&1498&806&1266&1728&1729&1730&307&1935&315&2111&337&3242&341&2612&4888&579&1231&819&822&824&815&730&369&373&3307&3288&390&401&408&3356&411&1181&2235&420&1945&3398&3402&434&2171&1359&1426&2423&3410&1628&3417&3419&854&3434&488&507&1869&3475&1886&529&1437&588&3536&543&3514&1404&2222&1540&6321&3579&3581&1792&607&3596&634&1111&3655&3658&655&3623&1672&2649&3640&3648&672&1152&694&1974&3697&1218&1942&1583&698&956&3713&3718&3732&3740&3744&754&3758&3761&4285&4798&3771&1480&2725&1674&1016&826&876&1618&1917&2380&850&3851&3857&3859&3860&1392&3868&887&889&1713&903&3889&3927&3906&1791&3932&948&3936&964&983&3966&4740&3969&1659&1024&1027&1228&1282&1116&1119&4061&1208&1143&1157&4103&1194&1201&1219&4132&2315&1990&4151&4194&1247&4183&4216&1697&1268&1273&1281&4242&1303&4225&4228&1311&1981&4894&5816&1330&1348&2686&1593&2485&4293&4294&1384&4325&4330&4338&1649&1427&1431&1432&2002&4352&1441&4360&4362&4375&1449&4398&1513&1527&5764&5561&5609&1581&1547&4471&4479&2352&4525&1884&4532&4835&4621&1701&4596&4611&4630&4635&4639&1788&2519&1985&4670&4690&1864&4692&4698&6061&1906&2561&4745&1927&4749&2431&1970&1992&4783&4805&4823&4871&2085&4844&4850&2092&2115&4887&2149&4961&4949&4951&4986&2217&4982&2301&2302&2321&2336&2360&2574&2408&5089&2415&2429&5100&5105&5112&5114&5126&2487&2510&5780&5147&2534&2537&5157&2552&5161&2558&2577&5227&5246&2635&5249&5260&2654&2667&2704&6479&5399&5409&5482&6892&5501&5510&5522&5537&5565&5604&6714&5671&5683&5699&5704&5765&5784&5812&5834&5877&5885&5974&6039&5929&6836&5992&7354&6017&6044&6076&6074&6101&6163&6221&6231&8482&6275&6331&6344&6361&6365&6392&6468&6490&6574&6531&6548&6556&6575&7562&6604&6700&6693&7578&6721&6739&6861&6775&6844&6858&6889&6909&6962&6964&8286&6997&7020&7093&7154&7193&7203&7262&7378&7420&7421&7487&7503&7514&7533&7537&7623&7671&7757&7765&7779&7818&7821&7849&7990&8054&8100&8136&8243&8246&8426&8534
280.5173828601837,490,8&327&1828&2173&558&11&499&27&2771&2986&173&175&1414&1415&34&39&2887&2781&332&2789&54&2817&72&2823&2826&2829&352&353&80&87&148&2862&3126&3128&1890&870&89&2861&663&1762&2880&1946&2722&111&112&115&785&1647&1732&3214&3221&350&1731&1533&2893&2900&2902&988&2912&465&1290&2942&1879&1154&159&1205&915&916&1388&184&2665&2097&2999&3006&3019&191&195&198&1807&200&512&3037&3041&2499&3071&215&219&1002&553&292&221&238&3080&3104&2146&3112&3120&3121&3156&2177&1458&284&687&1498&806&1266&1728&1729&1730&307&1935&315&2713&2111&337&3242&1518&341&2190&2612&4888&1231&824&815&730&369&373&3307&2644&3292&3288&390&401&404&3356&411&1181&3366&420&1081&1945&3396&3402&434&2171&1359&1426&2423&1628&3417&3419&854&3434&488&1175&1878&1869&880&3475&1886&529&1437&588&3533&3536&543&1404&2623&2222&1540&4121&5726&6321&2638&580&3579&3581&1792&607&626&3596&1111&3655&3658&655&3623&1672&858&3648&672&1152&3653&3668&3682&4930&694&1974&3697&1218&1942&1583&3687&698&956&3713&2492&951&3732&3740&3744&3758&3761&4285&4798&4911&3771&790&1480&2725&1016&876&1618&2380&3851&3855&3857&3859&1392&1199&889&903&3889&3927&3906&948&3936&3944&983&3966&4740&6216&3969&3980&1659&1027&1956&1228&1282&1116&1119&4043&4073&1157&4092&6471&1604&4103&2449&1194&4105&1207&4132&1920&1990&1246&1247&4183&4184&2081&4216&1697&2613&1268&1273&4204&1281&1303&4228&1311&1981&4894&5816&1330&4268&4266&1348&2686&4283&1993&2485&4293&4294&1384&4325&4330&4338&1427&1432&4350&2002&4360&4362&4375&4398&1513&4420&1527&5764&5609&1581&1547&4471&4479&1617&4497&4499&2352&4525&1627&1884&1656&4835&4621&1701&4612&4630&4635&4639&4642&4670&4690&1864&4692&4698&2561&4745&1927&4749&1992&2085&4844&2115&4887&4896&4898&2141&2149&2158&4961&4949&4951&4986&2217&4982&2302&2321&2336&2343&2360&2415&5077&2429&5105&5114&5126&2487&2516&2510&5780&5147&2537&2539&2552&2558&5174&5180&2577&5227&5249&5260&2642&2654&2667&2704&5355&5399&5478&5482&6892&5501&5510&5565&5577&5604&5631&5637&5671&5666&5680&5685&5704&5741&5765&5784&5812&5853&5859&5877&5872&5885&5974&6039&5915&5929&6836&7354&6017&6027&6046&6076&6074&6073&6101&6115&6141&6144&6175&6221&6223&6229&6231&6262&6331&6344&6361&6365&6448&6468&6494&6496&6499&6574&6514&6531&6548&7562&7886&6700&6693&7578&6717&6861&6844&6889&6893&6962&6964&7941&7942&8286&6997&7014&7020&7061&7125&7154&7203&7220&7262&7378&7420&7421&7487&7503&7533&7623&7625&7658&7671&7700&7757&7765&7838&7849&7940&8020&8066&8087&8428&8466
287.57812666893005,495,0&6&327&2173&558&11&2348&499&27&2770&2771&2986&169&173&175&1538&2768&34&39&2887&2781&2789&2800&54&2817&72&2823&2829&352&353&2590&80&88&148&417&3126&3128&643&870&89&93&2861&2880&1946&111&112&115&785&1647&1732&3214&3215&3221&350&2893&2900&988&2912&465&1290&2958&1154&157&159&426&1205&920&1388&178&184&3006&3019&3022&191&195&198&1807&200&204&512&3037&3041&2499&3071&215&219&1002&292&234&1346&3080&248&3099&3104&2146&3112&2583&272&3121&3139&3156&1458&687&1988&3187&1498&806&1266&1728&1729&1730&307&1935&315&2111&337&3242&341&4888&7279&579&1231&824&815&3255&730&3275&369&373&3288&390&401&3356&412&1181&3366&420&1945&3398&3402&3404&434&2171&1359&1426&2423&3417&3419&2169&854&3434&488&1878&3445&1869&1948&752&3475&1886&529&1437&588&859&3505&3533&3536&543&3516&1404&559&2222&1540&569&6321&3579&3581&1792&607&2437&3596&634&1084&1015&3655&646&655&3623&3624&2649&3638&3645&3648&672&3673&3668&2288&694&1974&1218&1942&1583&698&719&956&3713&2492&951&744&3740&3744&3758&3761&4285&4798&2625&3771&3774&790&1480&2725&1674&1016&876&1618&2380&3851&3857&1344&1392&3868&889&903&3889&905&909&3927&3906&1791&3932&948&3936&980&983&3966&4740&6216&3969&3980&1659&1024&1027&1095&1228&1116&1119&4043&1157&4092&6471&1604&4103&1194&4105&1207&4115&1219&4132&2315&1920&1990&4151&4194&4197&1246&1247&4183&4216&1697&1268&1273&1281&1303&4228&1304&1981&4894&5816&1330&4257&1348&2686&2485&4293&4294&1384&4298&4330&4338&2452&4342&1427&1431&1432&2002&4352&4355&1436&4360&4362&4375&4398&1513&1527&5764&5561&5609&1581&1547&1940&4471&4479&4496&2352&1627&1641&1884&1656&4555&4835&1701&4630&4635&4639&1985&4690&1864&4698&6061&2561&4745&4748&1970&1992&2007&4805&4799&4823&2085&4844&4850&2115&4887&4896&2149&2158&4927&4937&4951&4986&2217&4982&2301&2302&2321&2336&2343&2360&2574&2408&2415&5077&2429&5100&5111&5114&5126&2487&5326&2510&5780&2534&2539&2552&2558&5180&2577&5227&5246&5251&5260&2642&2654&2667&2704&2728&5355&5393&5399&5409&5482&5483&6892&5501&5510&5530&5565&6714&5671&5683&5699&5704&5765&5784&5812&5877&5872&5887&5885&5974&5910&5915&5929&6836&5959&7354&6027&6046&6048&6076&6074&6073&6089&6101&6144&6163&6221&6199&6231&6262&6331&6344&6365&6434&6446&6448&6468&6490&6494&6574&6531&6548&6556&7886&6630&6643&6657&6700&6693&7578&6861&6844&6889&6890&6954&6962&6964&6996&6997&7020&7216&7117&7125&7154&7193&7197&7203&7262&7378&7420&7421&7487&7503&7537&7543&7623&7658&7671&7744&7765&7904&7926&7955&8075&8066&8378
283.444580078125,491,1828&2173&558&11&499&934&27&2771&2986&7208&169&173&175&2762&1414&1538&2768&34&39&2887&2781&43&2789&54&2817&72&2823&2824&2826&2829&352&353&80&88&148&417&3126&3128&1890&89&2847&297&2880&2722&111&112&115&785&1647&1732&3214&3221&350&1731&2881&2893&988&465&139&1290&2936&2956&1154&156&159&426&1205&915&916&1388&1422&184&2999&3006&3019&3022&191&195&198&2057&3026&1807&200&204&512&3037&3041&2499&3071&215&1002&553&2333&292&221&234&3078&3080&244&6009&3104&2146&3112&679&3120&3121&3156&1458&284&687&806&1266&3205&1728&1729&1730&305&307&1935&315&2713&2111&337&3240&3242&341&2190&2692&4888&7279&579&1231&822&824&815&3263&730&3275&369&373&375&3288&390&401&408&3356&1181&3366&420&1945&3398&3402&2171&1359&2423&3417&3419&854&3434&1869&3475&3487&529&1437&588&3536&543&1404&559&3550&2623&3546&2222&1540&570&6321&688&3584&2638&3563&3579&3581&1792&607&2437&3596&634&1111&3655&3658&927&655&3623&3636&662&672&1152&694&1974&1218&1942&1583&698&719&720&3713&951&3740&3744&3758&3761&4285&2625&3771&790&2725&3797&1674&1016&876&1618&3827&2380&3851&3857&3859&1392&3868&887&889&6734&1713&903&3889&905&4008&3927&3906&948&3936&964&3966&4740&3969&2605&3980&1989&1659&1024&1027&1228&1282&1116&1119&4043&1121&6471&4103&1194&4105&1207&1219&4132&2315&1920&1990&4151&1246&1247&4183&2081&4187&4216&1697&1268&1273&4204&1281&1303&4251&4228&1304&1981&4894&5816&1330&1348&2686&4283&4313&2485&4293&4294&2019&4322&4325&4330&4338&2452&1427&1431&1432&2002&4352&1436&4360&4362&4375&4398&1513&1527&5764&1537&5561&5609&1581&1547&4471&4479&2352&4525&1627&1637&4566&4835&4621&1701&4611&4630&4635&4639&2519&4690&1864&4692&4698&6061&4745&1927&4749&1970&1992&2009&4805&4823&2059&4844&4851&2092&4887&4896&4898&4901&2137&2149&4961&4949&4986&4971&2217&4982&5008&5016&2301&2302&5032&2336&2343&5056&2360&5200&2574&2408&2415&5077&2429&5100&5105&5113&5126&5131&2487&5326&2510&2537&2539&5157&2552&2558&5180&2577&2598&5227&5246&5249&5260&2654&2667&5355&6479&5399&5409&5430&5478&5482&5483&6892&5501&5510&5522&5565&5604&6714&5610&5683&5699&5704&5765&5784&5812&5877&5872&5885&5974&6039&5915&6836&5965&7354&6027&6145&6076&6074&6073&6101&6115&6142&6144&6163&6221&6202&6223&6262&6266&6331&6344&7571&6446&6468&6496&6499&6531&6548&6606&6631&6700&6693&7578&6739&6861&6844&6863&6889&6893&6962&6964&7941&8286&7014&7020&7117&7196&7197&7262&7378&7421&7503&7514&7533&7537&7611&7623&7658&7757&7765&8038&8066&8109&8246&8503&8548
277.5576910972595,493,0&327&1828&2173&558&3597&499&27&28&2771&169&175&1414&1538&34&39&2887&2781&44&2789&54&61&2817&72&2823&2824&2826&2829&352&353&2590&80&88&148&3126&3128&1890&870&89&2861&2880&1946&2722&111&112&115&785&1647&1732&3214&3221&350&2881&132&2893&2900&2902&2912&465&139&1290&2936&2950&2365&452&1154&157&159&426&1082&1205&916&4040&2990&178&184&2665&2097&2999&3006&3019&3022&191&195&198&2057&200&204&3037&2499&3071&215&219&1002&553&292&3062&234&3080&247&248&3104&2146&3112&679&3121&3156&1458&282&687&1498&806&1266&1728&1729&1935&315&2111&337&3242&341&2190&2612&4888&7279&1231&822&824&815&730&369&373&1606&3288&390&401&404&3356&1181&3366&420&1945&3398&3402&2171&2669&1359&3417&3419&472&854&3434&488&3442&507&1869&2311&3475&3486&1886&529&1437&588&3533&3536&543&2623&2222&1540&569&5726&6321&688&2638&580&3579&3581&607&2437&3596&1111&3655&3658&3660&655&3623&3636&3645&666&3648&672&1152&3673&3668&694&1942&1583&698&700&719&3713&3718&951&3732&3741&3758&3761&4285&4798&1856&2625&3771&790&1421&1480&2725&1016&6511&3822&826&876&1618&2380&850&2633&3851&3857&1392&8380&889&909&3927&3906&3932&948&3945&2182&978&983&3963&3966&4740&3969&3971&1989&1659&1024&1027&1049&1228&1282&2304&1116&4043&1121&1604&4105&1207&1210&4132&1920&1990&4151&4194&1246&1247&4161&4183&2081&1697&1631&1272&1281&1303&4228&1304&1981&4894&1330&4268&4266&1348&2686&2485&4293&4294&1384&4322&4330&4327&4338&2452&1427&1431&1432&2002&1441&4360&4375&1449&4398&1513&1527&5764&1537&5561&1547&4444&4471&4479&2352&4525&1627&1884&4532&4566&4571&4835&4627&2675&4621&1701&4611&4630&4635&4639&1985&4690&1853&1864&4692&4698&6061&2561&4745&1992&4805&4823&4825&2085&4844&4850&2092&2105&2115&4898&2149&2158&4961&2168&4937&4949&4951&4964&4986&4971&2217&4982&2302&2321&5032&2336&5056&2360&2415&2429&5105&5111&5114&5126&2487&5326&2537&2539&2552&5171&2558&5174&2598&5227&5246&5260&2642&2654&2667&5355&5486&5399&5409&5430&5487&5478&6892&5501&5510&5522&5565&5604&6714&5631&5637&5685&5683&5699&5704&5765&5784&5812&5825&5872&5974&6039&5915&5929&5941&5984&7354&6027&6076&6074&6101&6141&6144&6163&6221&6205&6234&6262&6318&6331&6344&6361&6468&6490&6494&6574&6531&6548&7886&6657&7830&6700&6693&7578&6739&6861&6822&6844&6869&6873&6889&6893&6962&8286&8457&7014&7020&7117&7193&7197&7203&7262&7378&7420&7487&7501&8353&7468&7503&7514&7533&7537&7543&7623&7635&7654&7671&7757&7765&7865&7328&8708&8066&8067&8219&8225&8301&8339&8344&8360&8542&8631&8667
277.80803537368774,482,0&327&2173&446&558&11&499&22&27&28&2771&2986&169&173&175&2762&1414&1536&1538&39&2887&2781&44&54&2817&2823&2824&2826&2829&352&353&80&88&148&1561&3126&1890&870&89&2861&2880&2722&111&112&115&785&1647&1732&3214&3221&350&2881&2893&2900&465&1290&452&1154&159&426&1205&916&1388&178&184&2097&2999&532&3006&3019&191&195&198&2057&1807&200&204&512&3037&3041&2499&3071&215&553&292&221&232&234&3080&244&247&3104&2419&2146&3112&3117&3120&3121&3151&3139&3156&284&687&1498&806&1266&1728&1729&1730&1935&315&2713&2111&337&3242&341&2190&2612&4888&579&1231&822&824&815&730&369&373&3299&3288&380&390&401&404&3335&3349&3356&1181&3363&420&3402&2171&443&1359&2423&460&1628&3417&3419&854&488&507&1869&880&3475&1886&529&1437&588&622&3536&543&1404&559&2623&2222&1540&6321&688&580&3579&3581&607&620&3596&3613&634&1111&3655&3658&655&3623&3636&3645&666&858&2205&672&3673&3668&694&1974&1218&1942&1583&3951&721&722&956&2492&951&3740&3744&3752&3758&3761&4285&4798&3771&790&1480&2725&1674&1016&826&876&1618&2380&3851&3857&3859&1392&3868&887&889&903&3889&3927&3906&1791&3932&948&964&983&3966&4740&3969&7318&1989&1659&1024&1027&1093&1228&1282&4055&1116&1119&4043&1121&1157&4092&6471&4154&1194&4105&1219&4132&1920&1990&4151&4194&1246&1247&4183&2081&4216&1697&1268&1631&1273&1281&1303&4228&1304&1311&1981&4894&5816&1330&4268&4266&2686&4283&2485&4293&4294&1384&4298&4325&4330&2452&1427&1431&1432&2002&4352&4360&4362&4375&1449&4390&1481&4414&1513&1527&5764&5561&5609&1581&1547&2249&4471&2352&4525&1627&1641&4532&1656&4566&4835&4611&4630&4635&4639&1985&4670&4690&1864&4692&4698&6626&4727&4745&1927&4748&1970&1992&2266&4805&4794&2034&4823&2092&2115&4887&4896&2149&2158&4961&4949&4951&4986&2212&4971&2217&4982&4996&2302&2321&2343&2360&2574&2415&5077&2429&5105&5111&5114&5126&2487&2516&2510&5780&2534&2552&2558&5174&5180&2577&5227&5246&5260&2642&2654&2667&2704&5355&7894&5399&5430&5483&6892&5501&5522&5565&5604&5610&5631&5685&5683&5704&5765&5784&5812&5825&5835&5859&5877&5872&5885&5974&6039&5915&5929&6836&7354&6017&6040&6046&6076&6074&6073&6101&6163&6221&6229&6262&6306&6331&6337&6344&6361&6365&6446&6448&6468&6494&6574&8185&6524&6531&6541&6606&6657&6700&6693&6861&6844&6845&6847&6889&6907&6954&6962&6964&8286&7014&7020&7117&7125&7154&7197&7203&7198&7262&7378&7420&7503&7514&7531&7543&7671&7757&7765&8066&8087&8120&8201&8521&8534&8632&8662
279.4279568195343,482,0&1828&2173&446&558&11&499&22&27&28&30&2771&169&173&175&1538&2768&39&2887&2781&43&44&1753&2789&54&2817&72&2823&2826&2829&352&353&2590&2839&80&88&148&3126&3127&1890&870&89&2880&2722&111&112&115&785&1647&1732&3214&3221&350&2881&2893&988&2912&465&1290&452&1154&157&159&426&803&1205&178&184&2665&2999&532&3006&3019&3022&191&195&198&1807&200&204&512&3037&3041&2499&3071&215&219&1002&553&292&3091&221&3080&244&247&3104&3107&2146&3112&3120&3121&3139&3156&1458&687&1498&806&1266&1728&1729&1730&307&1935&315&2111&337&338&341&2190&2073&2612&4888&7279&579&1231&824&815&730&3275&369&373&3288&390&401&3349&3356&411&1181&3366&420&3396&3398&3402&434&2171&1359&1426&2423&1628&3417&3419&3434&488&3445&1220&1869&3473&3475&1886&529&1437&588&3509&3533&3536&1404&559&2222&1540&569&6321&3585&3579&3581&1792&607&618&2437&3596&634&1111&3655&3658&655&3623&1672&3634&672&1152&3668&694&1218&1942&956&3713&2492&3732&3740&3744&3748&3758&3761&4285&4798&2625&3771&790&2725&3790&1674&1016&826&876&1618&2380&3851&3857&3859&1392&3866&889&1713&903&3902&3889&905&3927&3906&948&3936&983&3966&4740&6216&3969&3980&1989&3983&1024&1027&1228&1282&1116&1119&4043&1157&6471&1604&1179&4103&1194&4105&1219&4132&4134&2315&1920&1990&1246&1247&4161&4183&4216&1697&1631&1273&4251&4228&1304&1311&1981&4894&5816&1330&1334&4266&1348&2686&2485&4307&1384&4298&4325&4330&4338&1427&1432&2002&1441&4360&4362&4375&1449&1513&1527&5764&1537&5561&5609&1581&1547&2249&4463&4471&4479&1610&2352&4525&1627&1884&4532&1656&4566&1961&4835&4621&1701&4630&4635&4639&4644&1985&4690&1864&4692&4698&2561&4745&1927&1970&1992&4805&4823&2085&4844&2092&2115&4887&4896&4898&2149&4961&4937&4949&4951&4986&2217&4982&2245&2301&2302&2321&5032&2336&2360&2574&2415&5077&5114&5126&2487&2510&5780&5150&2534&2537&2539&2545&5157&2552&2558&5174&2577&5227&5249&5260&2642&2654&2667&5355&5366&6479&5430&5441&5482&6892&5501&5510&5786&5530&5565&5594&5631&5671&5680&5685&5683&5693&5699&5704&5752&5765&5812&5859&5877&5872&7075&5885&5974&6039&5915&6836&6002&7354&6027&6046&6062&6076&6074&6101&6115&6141&6144&6163&6170&6221&6231&6262&6295&6331&6344&6442&6365&6446&6468&6494&6499&6524&6531&6548&6556&7562&6657&6700&6693&7578&6711&6861&6799&6844&6845&6889&6893&6962&6964&7942&6997&7125&7154&7171&7193&7220&7262&7378&7420&7503&7514&7543&7658&7671&7765&7838&7978&8024&8051&8066&8069&8217&8383&8452&8456&8614
280.1458520889282,501,0&1828&2173&446&558&499&27&2771&2986&169&173&175&2762&1414&1538&2768&2887&2781&2214&2430&2789&54&2817&72&2823&2826&2829&352&353&2832&2590&80&88&148&417&1671&3126&3128&1890&2401&288&870&89&2861&2880&1946&2722&111&112&115&785&1647&1732&3214&3221&350&1731&2893&2900&2902&988&2912&465&139&1290&2936&1464&2956&1154&157&159&426&1205&916&178&184&2665&2097&2999&532&3006&3019&3022&195&198&2057&1807&1297&200&204&512&3037&3041&2499&3071&215&1002&553&292&221&3080&241&243&244&248&3104&2146&3112&679&2071&3120&3156&1458&1908&687&1988&1498&806&1266&3207&1728&1729&1730&1935&315&326&2111&337&3242&341&2612&4888&1231&822&824&815&730&369&373&3288&401&408&3349&3356&3366&420&1945&3398&3402&2171&1359&458&1426&1628&3417&3419&473&854&3434&3436&488&1878&507&1869&1886&529&1437&588&3536&543&1404&2623&2222&1540&5726&6321&688&2638&580&3579&1792&607&609&3596&634&1111&3655&655&3623&1672&2649&3636&3645&858&3648&1152&3673&3668&685&694&1974&1218&1942&1583&698&956&3713&3718&2492&3740&3758&4285&4798&2625&3771&790&1480&2725&1674&1400&1016&874&876&1618&2380&850&3851&2048&3857&1392&889&6735&1713&903&3889&905&3927&3906&948&964&976&983&3966&4740&3969&3980&1989&1659&1024&1027&1228&1282&4033&1116&1119&1121&1157&6471&4103&1194&4105&1219&4132&1920&1990&4151&1236&4194&1246&1247&4216&1697&2613&1268&1281&1303&4251&4228&1311&1981&4894&5816&1330&4268&4263&4266&1348&2686&4283&2485&4293&4294&1384&4322&4330&4338&1427&1431&1432&2002&1441&4360&4362&4375&4398&1513&1527&5764&5561&5609&1581&1547&4468&4471&4475&4479&1617&2352&4525&1627&1884&4566&4776&1682&1701&1738&4630&4635&4639&2519&1985&4690&1864&4692&4698&6061&4737&4745&1927&4748&4749&1970&1992&4805&2031&4823&4850&4908&2092&2115&4898&4901&7176&2149&4961&4949&4951&4954&4986&4982&4997&5010&2301&2302&2321&2336&2355&2360&2574&2408&5091&2415&5077&2429&5111&5114&5126&2487&2516&2510&5780&2537&2539&5164&5157&2552&2558&5227&5246&5249&5260&2642&2654&2667&5293&2704&5482&6892&5488&5501&5522&5565&5607&5604&5671&5680&5683&5798&5704&5765&5770&5784&5787&5812&5825&5877&5872&5885&5895&5974&5915&5929&6836&7354&6027&6046&6076&6074&6073&6101&6141&6163&6161&6170&6221&6223&6231&6262&6331&6344&6361&6365&6446&6448&6468&6494&6574&6520&6531&6542&6556&6657&6700&6693&6739&6861&6751&6844&6889&6954&6962&6964&7942&7014&7020&7097&7117&7125&7154&7193&7197&7220&7262&7298&7371&7378&7420&7421&7487&7438&7503&7511&7514&7533&7537&7543&7623&7658&8212&7757&7765&7831&7849&7907&8066&8157&8260&8276&8330&8373&8519
266.2506124973297,500,0&1828&2173&558&499&22&27&28&2771&2986&169&173&175&2762&1414&1419&1538&2768&34&39&2887&2781&2777&54&2814&2817&72&2823&2824&2826&2829&352&353&80&88&148&266&417&1671&3126&3128&1890&89&2861&2495&2848&2868&2880&1946&2722&111&112&115&298&785&1647&1732&3214&3221&2904&350&2893&2900&988&2910&2912&1290&2936&1154&157&159&426&1205&916&1388&178&184&2665&2097&2999&3006&3019&3022&3015&191&195&198&2057&1807&200&512&3037&3041&2499&3071&215&219&1002&292&221&234&3080&244&247&3104&2146&3112&272&3120&3121&3156&1458&687&1498&806&1266&1729&307&1935&315&2111&337&3242&341&2190&2612&4888&579&1231&822&824&815&730&3275&369&373&3307&3288&401&404&3356&411&1181&3366&420&1081&1945&3396&3398&3402&434&2171&1359&1426&2423&1628&3417&3419&854&3434&3436&488&1878&507&1869&2450&3460&3475&1886&1437&588&3536&543&1404&5874&559&3549&1102&2623&2222&1540&569&6321&580&3579&3581&607&3596&634&1111&3655&655&3623&1672&3636&3645&858&3648&672&1152&3673&3668&678&694&1974&1218&1942&698&719&956&3713&3732&743&3740&3744&3758&3761&4285&4798&2625&3771&1480&2725&1674&1016&826&876&1618&926&2380&3851&3857&1392&3868&889&903&3889&905&3927&3906&1791&3931&3932&948&3936&964&983&3966&4740&3969&1989&1659&1024&1049&1228&1282&1116&1119&4043&1157&1166&1604&1194&4105&1207&1219&4132&2315&1920&1990&4151&4194&1246&1247&4183&2081&4216&1697&1268&1631&1281&1303&4228&1311&1981&4894&5816&1330&4268&4266&1348&2686&4283&1740&2485&4293&4294&1384&4298&4325&4330&2452&1427&1431&1432&2002&1436&1441&4360&4362&4375&1449&4395&4398&4411&1513&1527&5764&1537&5561&5609&1581&1547&4471&4479&1617&2352&4525&1627&1884&4532&4835&2675&1701&4596&4630&4635&4639&2519&1985&1864&4692&4698&4712&4745&1927&4749&1970&1992&4805&4809&4823&2072&4844&2115&4887&4890&4896&4898&2149&2158&4937&4949&4951&4986&4982&2302&2321&2329&2336&2360&2574&2408&2415&5077&5126&5129&2487&2691&2516&2537&2539&2552&5161&2558&2562&5184&2577&5227&5246&5260&2642&2654&2667&2704&5355&5399&5409&5430&5478&5482&6892&5501&5565&5604&5637&5671&5685&5699&5704&5765&5784&5812&5825&5851&5845&5859&5877&5885&5974&6039&5915&5929&5941&6836&5990&7354&6027&6076&6074&6073&6101&6115&6141&6144&6163&6221&6231&6331&6339&6344&6350&6361&6365&6409&6448&6468&6490&6494&6499&6524&6531&6556&6608&6606&6651&6652&6683&6686&6700&6693&6739&6861&6844&6884&6889&6893&6954&6962&6964&7941&8286&7020&7068&7117&7129&7154&7193&7203&7238&7262&7378&7420&7421&7487&7503&7533&7537&8481&7658&7725&7753&7765&7838&7977&8148&8333&8390&8534&8590
257.20076060295105,489,0&1828&2173&558&11&2750&499&22&27&2771&2986&169&173&175&1414&1538&34&39&2887&2781&44&2789&54&2817&72&2823&2826&2829&352&2590&80&88&148&417&3126&3128&1890&89&2861&2880&1946&111&112&785&1647&1732&2443&3214&3221&350&2893&582&2912&465&841&1290&1154&159&160&426&1205&915&916&922&1388&184&187&2999&532&3006&3019&3022&191&195&198&2057&200&204&512&3041&2499&3047&3071&219&1002&553&292&221&3080&244&3104&2146&3112&272&3121&3139&1458&687&1498&806&1266&3205&1728&1729&307&1935&315&2111&337&3242&1007&2190&2612&7279&579&1231&822&824&815&730&3275&369&373&3288&2593&2641&401&404&408&3349&3356&420&1945&3398&3402&449&1359&3501&3502&3503&1426&3422&2423&1628&3417&3419&854&3434&3436&488&3441&1869&880&3475&529&1437&588&3536&543&3514&2623&2222&1540&569&5726&5988&6321&2714&3579&3581&607&2437&3596&634&3655&3603&655&3623&1672&3703&3635&3636&3644&666&858&3648&672&3673&1553&3668&694&1942&1583&719&3713&3718&2492&951&3758&3761&4285&4798&2625&3771&1480&2725&3795&3798&1674&826&876&1618&2380&3851&3857&1392&887&889&1713&1717&903&2520&3889&905&909&3927&3906&1791&948&964&983&3966&4740&3969&3980&1659&1024&4004&1103&1228&1282&1113&1116&1119&1121&1157&4092&1604&4096&1194&1219&4132&2315&1990&4194&1246&1247&4161&4183&2081&4216&1697&1268&1273&4203&1281&1303&4228&1304&1311&1981&4894&5816&1330&4256&4268&4261&4266&1348&2686&4283&4293&4294&4298&4325&4330&2452&1427&1431&1432&2002&1441&4360&4362&4375&8524&1449&1513&1527&5764&1537&5561&1581&1547&4465&4471&4479&1617&2352&4533&4525&1627&1884&4532&4621&1701&4611&4630&4635&4639&2519&1985&4690&1864&4698&6061&1906&2123&4745&1927&4748&4749&2528&1970&4805&2013&4804&4823&2085&4844&4850&2092&2115&4887&4896&4901&2149&2158&4961&4937&4949&2189&4951&4986&4956&2217&4982&2302&5032&2336&2360&2368&2574&2415&5077&2429&5111&5126&2487&2516&5780&2534&5157&2552&2558&2577&2598&5227&5246&5262&5260&2642&2654&5380&2667&2704&5307&5355&5399&5409&5430&5478&5482&6892&5501&5530&5522&6714&5610&5662&5671&5680&5685&5683&5697&5699&5704&5706&5765&5812&5865&5877&5872&7556&5885&5974&5914&5915&5929&6836&5973&7354&6017&6076&6074&6073&6101&6115&6144&6163&6217&6223&6231&6262&6295&6331&6344&6361&6365&6468&6490&6477&6494&6499&6574&6524&6531&6556&6606&6657&6700&6693&7578&6739&6861&6844&6889&6893&6962&7941&6997&7117&7154&7162&7188&7197&7203&7220&7262&7378&7403&7411&7420&7421&7478&7503&7533&7545&7623&7710&7757&7758&7765&7818&7943&8087&8244&8330&8433
243.0888659954071,496,0&327&2173&558&11&499&27&28&2771&2986&169&173&175&1414&1538&2768&34&39&2887&2781&43&2789&54&2817&68&77&2823&2824&2826&2829&352&80&148&417&3126&3128&1890&870&89&2861&291&2880&1946&2722&112&115&785&1647&1732&3214&3221&350&1731&2893&2900&988&465&139&1290&2936&1545&1154&157&159&426&1205&1388&184&2097&532&3006&1899&3019&3022&195&198&2057&1807&200&204&512&3037&3041&2499&3071&215&1002&553&292&221&234&237&3080&244&247&248&3104&2146&3112&679&272&3121&3156&1458&687&3142&1988&1498&806&1266&1727&1728&1729&1730&1935&315&2111&337&341&2190&2612&4888&579&1231&822&824&815&730&3275&369&373&3307&3288&390&401&3349&3346&3356&411&1181&3366&420&1945&3398&3402&2171&1359&1426&2423&3417&3419&854&3434&3436&3437&488&1878&1869&2450&880&3475&2165&1886&1437&588&3533&3536&543&1404&1033&2623&2222&1540&5726&6321&688&3579&3581&2230&607&616&2437&3596&634&1399&1084&1111&3655&3658&639&655&3623&1672&2649&3636&3645&666&672&1152&3673&694&1974&1218&1942&1583&698&719&956&3713&951&3740&3744&3758&3761&4285&4798&3771&790&1480&2725&1674&1016&876&1618&2380&850&3851&865&3857&3859&1392&887&889&903&3889&905&909&3927&3906&1791&940&3932&964&983&3966&4740&6216&3969&3980&1989&1659&1024&1027&1228&1282&4030&1116&1119&4072&1157&4092&6471&1604&1194&1207&1212&1219&4132&2315&1920&1990&4151&4194&1246&1247&4183&2081&4216&1697&1268&1631&1273&1281&1303&4228&1311&1981&4894&5816&1330&1333&4268&4266&4269&1348&2686&2485&4293&4294&1384&4322&4330&4338&2452&1427&1431&1432&4349&2002&1436&4360&4362&4375&1513&1527&5764&1537&5561&5609&1581&1547&4471&4483&4479&2352&4525&1627&1884&4532&1656&4835&1701&4595&4630&4635&4639&1985&4690&1864&4698&6061&2561&4744&4745&1927&4749&1970&1992&2085&4844&4857&4872&2115&4887&4898&4901&2149&2158&4949&4951&4986&4971&2217&4982&2302&2321&2323&2336&5057&2360&2574&2408&2415&5077&2429&5100&5111&2453&5126&2487&2516&5326&2510&5146&5147&2525&2534&2539&5157&2552&2558&5180&2577&5207&5227&2621&5249&5264&5260&2642&2654&2667&2704&5355&5379&5409&5430&5444&5482&5501&7932&5530&5522&5542&5604&5652&5671&5680&5683&5684&5704&5765&5812&5868&5877&5872&5885&5974&6039&5915&5925&6836&7364&7354&6014&6027&6046&6076&6074&6073&6101&6141&6144&6163&6221&6223&6231&6331&6344&6361&6365&6448&6468&6494&6499&6531&6556&7886&6657&6693&7578&6861&6780&6844&6895&6889&6912&6962&7941&7942&7014&7108&7117&7154&7193&7197&7203&7220&7378&7384&7421&7503&7533&7622&7623&7658&7671&7765&7818&7838&7849&8087&8271&8127&8147&8359
249.7202112674713,495,0&1828&2173&446&2738&558&11&499&22&27&28&2771&2986&7208&169&173&175&1538&34&39&2887&2781&44&2790&2488&2817&2823&2824&2826&2829&352&353&2590&80&148&3126&3128&1890&870&89&2861&2880&2722&111&112&115&1647&1732&3214&3221&350&2881&2893&2900&2902&988&2910&2912&465&139&1290&2934&2936&2937&1154&2977&159&426&1205&1873&178&184&2665&2097&2999&3006&3019&3022&191&198&1807&200&204&512&3041&2499&3071&215&923&1002&553&292&221&3080&244&247&248&1666&3104&2146&3112&272&3120&3121&3139&3156&1458&284&687&1498&806&1266&1728&1729&1935&315&318&2111&337&3242&341&2612&4888&7279&1231&824&815&3256&730&3275&369&373&3288&390&401&408&3356&411&1181&420&1945&3396&3402&434&1359&1426&1628&3417&3419&3434&488&1878&502&507&1869&880&3475&1886&529&1437&588&3536&543&3516&1404&3525&2623&2222&1540&569&5726&6321&688&2638&580&3579&3581&3588&1792&607&625&2437&3618&3596&634&1111&3655&3658&655&2003&3623&1672&2649&2428&3636&672&1152&3653&3668&694&1974&1218&1942&698&719&3713&2492&3732&3758&4285&4798&2625&3771&1480&2725&1260&876&1618&2380&3851&3857&3859&1392&3868&887&889&1713&903&3889&909&3927&3906&1791&948&3936&964&3952&983&3966&4740&3968&3969&1989&1659&1024&1252&1027&1228&1282&1116&1118&1119&1121&1123&1157&6471&1605&4103&1194&4105&1219&4132&1920&1990&4151&4194&1246&1247&4183&2081&1697&2613&1268&1631&1281&1303&4251&4228&1304&1311&1981&4894&5816&1330&4259&1348&2686&2485&4293&4294&1384&4298&4322&4325&4330&4338&1427&1431&1432&2002&4360&4362&4375&1449&4398&1513&1527&5764&5561&5609&1865&1581&1547&4471&4479&1611&2352&4536&4525&4566&2675&4621&1701&4585&4611&4614&4630&4635&1985&4670&4686&4690&1864&4698&6788&6061&4745&1927&1992&2470&4805&2029&4823&2092&2115&4887&2149&2158&4961&4986&4971&2217&4982&2302&2321&5032&2336&2343&2360&2574&5090&2415&5077&5100&5104&5105&5111&5126&2487&5326&2534&2539&2552&2558&5180&2577&5212&2598&5227&5246&5249&5260&2642&2654&2667&5287&2704&5328&5355&6479&5399&5430&5449&5482&6892&5501&5530&5565&5602&6714&5610&5637&5671&5680&5685&5683&5703&5699&5704&5765&5784&5812&5859&5877&5885&5974&6039&5907&5915&6836&7354&6027&6046&6076&6074&6101&6120&6163&6221&6231&6236&7569&6262&6263&6298&6331&6344&6361&6365&6446&6468&6490&6494&6574&6531&6548&6556&8273&6606&6700&6693&7578&6739&6861&6844&6845&6889&6937&6962&8286&7020&7027&7077&7105&7117&7125&7154&7193&7197&7203&7220&7262&7351&7378&7420&7421&7503&7525&7533&7537&7594&7599&7623&7671&7757&7765&7818&7838&7934&7943&7976&8066&8330&8351&8626
248.7998104095459,480,0&2173&558&499&27&28&2771&2986&169&173&175&2762&1538&2768&34&39&2887&2781&43&54&2817&72&2823&2824&2826&2829&352&353&80&88&148&3126&1890&89&2861&2880&1946&112&115&118&785&1647&1732&3211&3214&3221&350&2881&2893&2900&2902&988&2912&139&1290&1154&385&159&426&1205&915&916&184&2665&2097&2999&3006&3008&3019&3022&191&195&198&2057&200&204&512&3037&3041&2499&3071&215&553&292&221&3080&984&244&247&248&3104&2146&3112&679&3120&3121&3139&3156&1458&284&687&1498&806&1266&1728&1729&307&3180&1935&315&1889&2713&328&2111&337&3242&341&2190&2612&4888&579&1231&822&824&815&730&369&373&3288&388&401&3356&411&1181&3366&420&1945&3398&3402&2171&1359&1426&3417&3419&486&3434&488&490&1878&507&1869&1886&522&529&1437&588&3533&3536&543&1404&559&2623&2222&1540&4824&569&6321&688&2638&580&3579&3581&1792&603&607&3596&634&1111&3655&3656&655&3623&1672&3636&3645&666&672&1152&3673&2292&694&1218&1942&698&719&956&3713&2492&951&3732&3740&3744&3758&3761&4285&4798&2625&3771&790&1480&2725&3790&1674&1016&831&876&1618&2380&3851&3857&3859&1392&3868&889&1713&903&3889&3906&1791&948&983&3966&4740&6216&3969&1989&1024&1027&1228&1282&1116&1157&1194&4105&1207&1219&4132&2315&1920&1990&4151&4194&1246&1247&4183&2081&4216&1697&1268&2062&1273&1281&1303&4251&4228&1304&1311&1981&4894&5816&1330&1348&2686&4283&2485&4293&1384&4325&4330&2451&2452&1427&1431&2002&4352&1436&4360&4362&4375&1449&4398&1488&1513&1527&5764&5561&5609&1581&1547&8605&4471&4479&2352&4525&1627&1884&4532&1656&4573&1701&4630&4635&4639&1985&4690&1864&4698&6787&6061&4744&4745&1927&4748&1970&1992&2470&4805&4823&2085&4844&4850&2092&2703&2115&4887&4896&4907&2149&2158&4961&4949&4951&4953&4986&2217&4982&2302&2321&2336&2360&2574&2408&2415&5077&2429&5100&5111&5114&5126&2487&2516&5326&2510&5780&5147&2537&2539&5157&2552&2558&5174&2577&2598&5227&5246&5260&2642&2654&2667&2668&2704&5300&6479&5399&5430&5482&5466&6892&5501&5522&5542&5565&5607&5610&5671&5680&5685&5683&5684&5704&5765&5784&5812&5825&5843&5847&5877&5872&5885&5974&6039&5915&5929&6836&7354&6027&6067&6076&6074&6073&6101&6115&6141&6157&6163&6221&6223&6231&6262&6331&6344&6365&7573&6432&6446&6448&6468&6574&6531&6548&6556&8450&6606&6657&6700&6693&6861&6759&7877&6844&6845&6895&6858&6889&6954&6962&7941&7942&6997&7020&7125&7154&7197&7220&7262&7378&7420&7428&7503&7514&7526&7543&7623&7651&7671&7765&7818&7943&8066&8655
246.0974223613739,497,0&1828&2173&2303&1184&558&11&499&2808&22&27&28&2769&2771&2986&169&173&175&1414&1538&34&2887&2781&43&49&2787&2789&54&2817&2823&2824&2826&2829&352&353&2590&80&88&148&417&1572&1890&870&89&92&2861&2880&2722&111&112&785&1647&1732&3214&3221&2903&350&1731&2900&2902&988&465&139&1290&1895&2936&1154&157&159&426&1205&916&900&184&2097&3006&3019&3022&195&198&2057&936&200&512&3037&3041&2499&3071&215&219&1002&553&292&221&3080&247&248&1450&3104&2419&2146&3112&3120&3121&3139&3156&1458&687&2608&1498&806&1266&1728&1729&1730&1742&1935&1936&315&2713&3483&2111&337&3242&3266&341&2190&2612&4888&7279&579&1231&822&824&815&730&369&373&3288&2464&390&401&408&3335&3356&411&420&1945&3396&3398&3402&434&2171&1359&2423&1628&3417&3419&854&3434&3436&488&1878&1869&3475&1886&529&1437&3536&543&1404&2604&559&2623&2222&1540&5726&6321&3579&3581&1792&607&3596&634&1111&3655&3658&655&3623&1672&3636&3645&666&858&672&1152&3673&3668&694&1974&1218&1942&698&719&956&3722&3713&951&3740&3744&750&3758&3761&6841&4798&2625&3771&790&1480&2725&1674&1618&846&2380&3838&3851&3857&3859&1392&889&3878&903&3889&909&3927&3906&1791&3932&948&952&3936&983&3966&4740&3969&1989&1659&1017&1228&1282&1116&1119&1121&1157&4092&4103&1194&4105&1207&4132&2315&1990&4151&4194&1246&1247&4167&4183&1829&2081&4216&1697&2613&1268&1273&1281&4215&1303&4228&1304&1311&1981&4894&5816&1330&4268&2686&4284&2485&4294&1384&4298&4300&4322&4325&4330&4338&2452&1427&1432&1436&1441&4360&4362&4375&1513&1527&5764&5561&5609&1581&1547&4471&4479&2352&4525&1627&1884&4532&4553&2675&4621&1701&4611&4630&4635&4639&1985&4684&4686&4690&1864&4698&4712&5606&6061&4727&2561&4745&1927&4748&4749&1970&1992&4805&4823&2085&4844&2092&2115&4887&4889&4896&4898&2149&2158&4931&4937&4949&4951&4986&4994&2217&4982&2302&2321&5032&2329&2336&2343&5050&5056&2360&2574&2405&2415&2429&5100&5111&5114&5126&2487&5147&2534&2537&2539&5157&2552&2558&5174&2577&5227&5246&5249&5260&2642&2654&2667&5355&5361&5399&5409&5430&5478&5482&6892&5501&5530&5565&6714&5637&5683&5699&5704&5765&5784&5812&5825&5859&5877&5872&5885&5974&6039&5915&5929&6836&7354&6017&6027&6028&6046&6076&6074&6073&6101&6163&6220&6223&6231&6262&6269&6331&6344&6361&6370&6365&6371&6392&6468&6490&6493&6494&6531&6548&6657&6700&6693&7578&6739&6861&6774&6815&6844&6845&6889&6907&6943&6954&6962&6964&7014&7091&7154&7193&7203&7220&7262&7378&7503&7537&7543&7621&7658&7757&7765&7797&7818&7838&7849&7949&7943&8066&8246&8330&8534&8711
244.12134718894958,487,327&1828&2173&558&11&499&22&27&28&2771&2986&169&173&175&2762&1414&2768&34&39&2781&43&44&54&67&72&2823&2824&2826&2829&352&353&2590&80&88&148&417&3126&3128&1890&89&2861&2880&1946&2722&111&112&785&1647&1732&3214&3221&3224&350&2893&2900&2902&888&2912&465&139&1290&1154&157&159&426&1205&915&916&3160&179&184&2665&2097&2999&3006&1899&3019&191&195&198&1807&200&204&3037&3041&2491&2499&3071&215&219&1002&553&292&221&234&3080&244&247&3104&3112&3120&3121&3139&3156&1458&687&335&1498&806&1266&1728&1729&307&1935&315&2713&1841&2111&5334&337&3242&341&2612&4888&1231&824&815&730&3275&369&373&2644&3288&387&401&404&3356&411&3366&420&1945&3396&3402&2171&2423&1628&3417&3419&854&3434&3436&488&1878&1869&880&3475&529&1437&588&3536&543&1404&2623&2222&1540&569&5726&6321&688&3579&3581&3596&634&3655&3658&655&3623&1672&2649&3636&3645&858&3648&672&1152&3668&694&3696&1218&1942&719&956&951&3732&3740&3758&3761&4285&1978&3766&4798&2625&3771&790&2725&1674&1016&5138&3826&826&876&1618&2380&3851&3857&1392&889&1713&898&903&3889&909&3912&3927&3906&1791&948&964&3948&981&983&3966&4740&6216&3969&1659&1024&1027&1282&1116&1119&4043&1157&1604&1183&4103&1194&4132&1920&1990&4151&4194&1247&4161&4183&2081&4216&1697&1268&1281&4238&1303&4228&1304&1311&1321&4249&1981&4894&5816&1330&4259&4268&4266&1348&2686&4283&2485&4293&4294&1384&4310&4322&4325&4330&1857&4338&2452&1427&1431&1432&2002&1436&1441&4360&2238&4375&1449&4398&4462&1513&5764&1537&5561&1581&1547&4471&4479&1617&2352&4525&1627&1641&4835&2675&4621&1701&2191&4611&4630&4635&4639&2519&1985&4690&1864&6061&4745&1927&4748&1970&1992&2005&4805&4823&4850&4873&2115&4887&4896&2149&2158&2166&4961&4949&4967&4951&4986&2217&4982&2301&2302&2321&2336&2341&5056&2360&2574&2408&2415&5077&2429&5100&5105&5111&6259&5114&5126&2487&2516&2510&5147&2534&2537&2539&5157&2552&2558&5180&2577&2598&5223&5227&5246&5260&2642&2654&2667&2704&5399&5430&5436&5482&6892&5501&5510&6714&5619&5631&5654&5671&5680&5685&5683&5699&5704&5765&5784&5847&5859&5877&5872&5885&5974&6836&5944&7354&6017&6025&6027&6076&6074&6101&6120&6144&6150&6163&6221&6212&6231&6260&6262&6331&6344&6361&6365&7573&6446&6468&6490&6494&6574&6524&6548&6556&6606&6644&6657&6687&6700&6693&6739&6861&6755&6767&6844&6889&6962&8286&7014&7020&7117&7154&7193&7197&7203&7262&7378&7420&7487&7503&7533&7537&7671&7685&7724&7765&7818&7837&7949&8081&8213&8247&8403&8534&8634&8659
242.95814490318298,484,0&21&1828&2173&446&558&11&521&2348&499&27&28&2771&2986&169&173&175&2762&1538&2768&34&2887&2781&2789&2817&72&2823&2826&2829&352&353&2835&2590&80&85&88&148&417&3126&1890&870&89&2861&1683&2856&2880&2722&111&112&115&785&1647&1732&3214&3221&350&1731&2893&2900&2902&988&465&139&1290&2936&1154&157&159&426&1205&1388&178&2665&2097&532&3006&3019&3022&195&198&1807&200&204&512&3037&3041&2499&215&1002&553&624&292&221&234&3080&244&3104&2146&3112&679&3120&3121&3123&3139&3153&3156&1458&284&687&1988&806&1266&1728&1729&307&1935&315&2713&7450&2111&337&3242&341&2190&2612&579&1231&822&824&815&730&373&3292&3288&404&408&3356&411&3366&421&1945&3396&3398&3402&2171&1359&2423&467&1628&477&854&3434&488&3442&507&1869&3475&3479&1886&1437&588&3536&543&1404&2623&2222&1540&5726&6321&2638&580&3579&3581&607&2437&3596&634&1111&3655&655&3623&3645&672&1152&3673&3668&694&1974&1218&1942&698&956&3713&2492&3732&3740&3758&4285&4798&2625&3771&790&1480&2725&1674&1016&826&873&876&1618&2380&850&3851&3857&3859&1392&3868&889&903&2520&3889&2484&3927&3906&1791&3959&3932&948&3936&983&3966&4740&3969&3980&1024&1027&1228&1282&1116&1119&1121&2163&4093&6471&1604&4103&1194&4105&1207&4122&4129&4132&1920&1990&4151&4158&4194&1246&1247&4183&2081&1697&2613&1268&1273&1281&1303&4251&4228&1304&1981&4894&5816&1330&2086&4266&1348&2686&4283&4293&4294&1384&4322&1407&4330&4338&2452&1427&1432&4379&2002&1436&1442&4360&4362&4365&4375&1449&4398&1513&1527&5764&5561&5609&4442&1581&1547&1559&4471&4474&4479&1617&2352&4525&1627&1884&1645&1656&4835&4621&1701&4611&4630&4635&4639&2519&1985&4670&4690&1864&4692&4698&4723&4744&4745&1927&1970&1992&2271&4823&4827&4868&2058&2085&4844&4850&2092&2115&4887&4898&2121&2149&2158&4961&4949&4951&4958&4986&4971&2217&4982&2301&2302&2321&2336&5056&2360&5200&2574&2415&5077&5100&5110&5126&5131&2487&5326&2510&5780&5147&2534&2537&5157&2552&5169&2558&5180&2577&5205&5213&2598&5227&5246&5249&5260&2642&2654&2667&2704&5399&5406&5409&5430&5478&6892&5501&6985&5530&5565&6714&5637&5680&5682&5683&5699&5704&5733&5765&5783&5812&5877&5974&6039&5929&6836&7354&6017&6076&6101&6115&6141&6144&6163&6221&6223&6231&6262&6304&6331&6344&6365&6446&6466&6468&6481&6494&6574&6531&6548&6556&6566&7886&6700&6693&7578&6861&6844&6845&6862&6886&6889&6894&6954&6962&7942&8286&6997&7020&7052&7117&7154&7158&7197&7262&7378&7421&7503&7533&7537&7543&7757&7765&7836&8330
